"Reference (authors, date, journal)",Year of data collection (Final Year of Data Collection),Location (country),country.code,Lower bound of age,Upper bound of age,Number of people seropositive,Number of people tested,Latitude,Longitude,Temp ©,Location (town),Location (state),Women of Reproductive age,link (if helpful),notes,,,,,
"Khames M et al., 2020, Annals of Parasitology",2017,Algeria,DZA,15,19,20,45,36.2636,2.7587,20.45,Médéa,,1,,,,,,,
"Khames M et al., 2020, Annals of Parasitology",2017,Algeria,DZA,20,24,96,243,36.2636,2.7587,20.45,Médéa,,1,,,,,,,
"Khames M et al., 2020, Annals of Parasitology",2017,Algeria,DZA,25,29,85,336,36.2636,2.7587,20.45,Médéa,,1,,,,,,,
"Khames M et al., 2020, Annals of Parasitology",2017,Algeria,DZA,30,34,35,239,36.2636,2.7587,20.45,Médéa,,1,,,,,,,
"Khames M et al., 2020, Annals of Parasitology",2017,Algeria,DZA,35,39,13,120,36.2636,2.7587,20.45,Médéa,,1,,,,,,,
"Khames M et al., 2020, Annals of Parasitology",2017,Algeria,DZA,40,45,3,29,36.2636,2.7587,20.45,Médéa,,1,,,,,,,
"Rodier et al., 1995, Acta Tropica",1993,Benin,BEN,15,19,1,5,6.3562,2.4278,26.5,Cotonou,,1,,,,,,,
"Rodier et al., 1995, Acta Tropica",1993,Benin,BEN,20,29,52,108,6.3562,2.4278,26.5,Cotonou,,1,,,,,,,
"Rodier et al., 1995, Acta Tropica",1993,Benin,BEN,30,39,56,92,6.3562,2.4278,26.5,Cotonou,,1,,,,,,,
"Rodier et al., 1995, Acta Tropica",1993,Benin,BEN,40,41,4,6,6.3562,2.4278,26.5,Cotonou,,1,,,,,,,
"Dambrum M et al., 2022, Plos One",2008 - 2010,Benin,BEN,15,22,NA,NA,6.4096,1.8855,27.667,Come,,1,,"taken from suplemental figures for ranges. Total seropositive: 505, mean age 26.6+- 6.2. Total seronegative: 443, mean age 25.1 +-6.0 --IN",,,,,
"Dambrum M et al., 2022, Plos One",2008 - 2010,Benin,BEN,23,29,NA,NA,6.4096,1.8855,27.667,Come,,1,https://bmcinfectdis.biomedcentral.com/articles/10.1186/s12879-019-4694-8,,,,,,
"Dambrum M et al., 2022, Plos One",2008 - 2010,Benin,BEN,30,35,NA,NA,6.4096,1.8855,27.667,Come,,1,,,,,,,
"De Paschale et al., 2014, Tropical Medicine and International Health",2011,Benin,BEN,15,41,85,283,10.7955,1.6761,27,Siri,,1,,,,,,,
"Bamba et al., 2017, BMC infectious diseases",2013 -2014,Burkina Faso,BFA,17,19,18,55,11.1649,-4.3052,27.25,Bobo-Dioulasso,,1,,,,,,,
"Bamba et al., 2017, BMC infectious diseases",2013 -2014,Burkina Faso,BFA,20,29,68,212,11.1649,-4.3052,27.25,Bobo-Dioulasso,,1,,,,,,,
"Bamba et al., 2017, BMC infectious diseases",2013 -2014,Burkina Faso,BFA,30,NA,12,34,11.1649,-4.3052,27.25,Bobo-Dioulasso,,1,,,,,,,
"Bamba S et al., 2014, Pakistan Journal of Biological Sciences",2012,Burkina Faso,BFA,17,19,25,59,11.1649,-4.3052,27.5,Bobo-Dioulasso,,1,,,,,,,
"Bamba S et al., 2014, Pakistan Journal of Biological Sciences",2012,Burkina Faso,BFA,20,25,49,141,11.1649,-4.3052,27.5,Bobo-Dioulasso,,1,,,,,,,
"Bamba S et al., 2014, Pakistan Journal of Biological Sciences",2012,Burkina Faso,BFA,26,47,47,148,11.1649,-4.3052,27.5,Bobo-Dioulasso,,1,,,,,,,
"Linguissi et al., 2012, Asian Pacific journal of tropical medicine",2006 - 2009,Burkina Faso,BFA,18,25,NA,29,12.3714,-1.5197,28.125,Ouagadougou,,1,,,,,,,
"Linguissi et al., 2012, Asian Pacific journal of tropical medicine",2006 - 2009,Burkina Faso,BFA,26,35,NA,109,12.3714,-1.5197,28.125,Ouagadougou,,1,,,,,,,
"Linguissi et al., 2012, Asian Pacific journal of tropical medicine",2006 - 2009,Burkina Faso,BFA,36,50,NA,44,12.3714,-1.5197,28.125,Ouagadougou,,1,,,,,,,
"Simpore et al., 2006, Journal of Medical Virology",2004 - 2005,Burkina Faso,BFA,18,24,13,80,12.3714,-1.5197,28.75,Ouagadougou,,1,,,,,,,
"Simpore et al., 2006, Journal of Medical Virology",2004 - 2005,Burkina Faso,BFA,25,29,21,114,12.3714,-1.5197,28.75,Ouagadougou,,1,,,,,,,
"Simpore et al., 2006, Journal of Medical Virology",2004 - 2005,Burkina Faso,BFA,30,34,24,87,12.3714,-1.5197,28.75,Ouagadougou,,1,,,,,,,
"Simpore et al., 2006, Journal of Medical Virology",2004 - 2005,Burkina Faso,BFA,35,45,27,55,12.3714,-1.5197,28.75,Ouagadougou,,1,,,,,,,
"Excler, 1988, Tropical medicine and parasitology",1985,Burundi,BDI,0,14,63,271,,,,EXCLUDE-- all over country,,0,requested from PUL-- I have PDF if needed,,Added by IN,,,,
"Excler, 1988, Tropical medicine and parasitology",1985,Burundi,BDI,15,40,156,273,,,,EXCLUDE-- all over country,,0,,,,,,,
"Excler, 1988, Tropical medicine and parasitology",1985,Burundi,BDI,41,NA,55,78,,,,EXCLUDE-- all over country,,0,,,,,,,
"Njunda AL et al., 2011, International Journal of Health Research",2008,Cameroon,CMR,10,19,5,8,3.8617,11.5202,23.5,Yaoundé,,1,,,,,,,
"Njunda AL et al., 2011, International Journal of Health Research",2008,Cameroon,CMR,20,29,40,59,3.8617,11.5202,23.5,Yaoundé,,1,,,,,,,
"Njunda AL et al., 2011, International Journal of Health Research",2008,Cameroon,CMR,30,39,25,40,3.8617,11.5202,23.5,Yaoundé,,1,,,,,,,
"Njunda AL et al., 2011, International Journal of Health Research",2008,Cameroon,CMR,40,41,2,3,3.8617,11.5202,23.5,Yaoundé,,1,,,,,,,
"Njunda et al., 2011, J Public Health Africa",2009,Cameroon,CMR,20,25,16,27,3.8617,11.5202,25,Yaoundé,,1,,,,,,,
"Njunda et al., 2011, J Public Health Africa",2009,Cameroon,CMR,26,30,21,30,3.8617,11.5202,25,Yaoundé,,1,,,,,,,
"Njunda et al., 2011, J Public Health Africa",2009,Cameroon,CMR,31,35,24,34,3.8617,11.5202,25,Yaoundé,,1,,,,,,,
"Njunda et al., 2011, J Public Health Africa",2009,Cameroon,CMR,36,44,16,19,3.8617,11.5202,25,Yaoundé,,1,,,,,,,
"Assob et al., 2011, AFRICAN JOURNAL OF CLINICAL AND EXPERIMENTAL MICROBIOLOGY ",2010,Cameroon,CMR,16,20,1,5,3.8617,11.5202,25,Yaoundé,,1,,,,,,,
"Assob et al., 2011, AFRICAN JOURNAL OF CLINICAL AND EXPERIMENTAL MICROBIOLOGY ",2010,Cameroon,CMR,21,25,23,37,3.8617,11.5202,25,Yaoundé,,1,,,,,,,
"Assob et al., 2011, AFRICAN JOURNAL OF CLINICAL AND EXPERIMENTAL MICROBIOLOGY ",2010,Cameroon,CMR,26,30,32,39,3.8617,11.5202,25,Yaoundé,,1,,,,,,,
"Assob et al., 2011, AFRICAN JOURNAL OF CLINICAL AND EXPERIMENTAL MICROBIOLOGY ",2010,Cameroon,CMR,31,35,17,23,3.8617,11.5202,25,Yaoundé,,1,,,,,,,
"Assob et al., 2011, AFRICAN JOURNAL OF CLINICAL AND EXPERIMENTAL MICROBIOLOGY ",2010,Cameroon,CMR,36,40,13,15,3.8617,11.5202,25,Yaoundé,,1,,,,,,,
"Assob et al., 2011, AFRICAN JOURNAL OF CLINICAL AND EXPERIMENTAL MICROBIOLOGY ",2010,Cameroon,CMR,41,45,5,8,3.8617,11.5202,25,Yaoundé,,1,,,,,,,
"Assob et al., 2011, AFRICAN JOURNAL OF CLINICAL AND EXPERIMENTAL MICROBIOLOGY ",2010,Cameroon,CMR,46,50,1,5,3.8617,11.5202,25,Yaoundé,,1,,,,,,,
"Assob et al., 2011, AFRICAN JOURNAL OF CLINICAL AND EXPERIMENTAL MICROBIOLOGY ",2010,Cameroon,CMR,51,55,1,1,3.8617,11.5202,25,Yaoundé,,1,,,,,,,
"Todjom FG et al., 2019, African Journal of Clinical and Experimental Microbiology",2016,Cameroon,CMR,20,25,24,52,5.3674,10.4172,24.5,Bandjoua,,1,,,,,,,
"Todjom FG et al., 2019, African Journal of Clinical and Experimental Microbiology",2016,Cameroon,CMR,26,30,38,82,5.3674,10.4172,24.5,Bandjoua,,1,,,,,,,
"Todjom FG et al., 2019, African Journal of Clinical and Experimental Microbiology",2016,Cameroon,CMR,31,35,19,42,5.3674,10.4172,24.5,Bandjoua,,1,,,,,,,
"Todjom FG et al., 2019, African Journal of Clinical and Experimental Microbiology",2016,Cameroon,CMR,36,NA,10,24,5.3674,10.4172,24.5,Bandjoua,,1,,,,,,,
"Mabeku LB et al., 2018,  Journal of Scientific Research and Reports",2014,Cameroon,CMR,15,20,39.96,111,5.4729,10.2425,NA,Penka-Michel,,1,,"total range 15-50, 230/643 seropositive. Sorted by trimester not age--IN",,,,,
"Mabeku LB et al., 2018,  Journal of Scientific Research and Reports",2014,Cameroon,CMR,21,25,59.57,161,5.4729,10.2425,NA,Penka-Michel,,1,,These are estimates from the graph provided which showed percentages seropositive in each group combined with earlier data of number tested-- IN,,,,,
"Mabeku LB et al., 2018,  Journal of Scientific Research and Reports",2014,Cameroon,CMR,26,30,65,155,5.4729,10.2425,NA,Penka-Michel,,1,,,,,,,
"Mabeku LB et al., 2018,  Journal of Scientific Research and Reports",2014,Cameroon,CMR,31,35,33.75,125,5.4729,10.2425,NA,Penka-Michel,,1,,,,,,,
"Mabeku LB et al., 2018,  Journal of Scientific Research and Reports",2014,Cameroon,CMR,36,40,18.2,70,5.4729,10.2425,NA,Penka-Michel,,1,,,,,,,
"Mabeku LB et al., 2018,  Journal of Scientific Research and Reports",2014,Cameroon,CMR,41,50,12,21,5.4729,10.2425,NA,Penka-Michel,,1,,,,,,,
"Nguemaïm NF et al., 2020, African Journal of Clinical and Experimental Microbiology",2018,Cameroon,CMR,14,23,14,44,5.9631,10.1591,22,Bamenda,,1,,,,,,,
"Nguemaïm NF et al., 2020, African Journal of Clinical and Experimental Microbiology",2018,Cameroon,CMR,24,33,21,61,5.9631,10.1591,22,Bamenda,,1,,,,,,,
"Nguemaïm NF et al., 2020, African Journal of Clinical and Experimental Microbiology",2018,Cameroon,CMR,34,43,6,17,5.9631,10.1591,22,Bamenda,,1,,,,,,,
"Nguemaïm NF et al., 2020, African Journal of Clinical and Experimental Microbiology",2018,Cameroon,CMR,44,50,3,5,5.9631,10.1591,22,Bamenda,,1,,,,,,,
"Abongwa et al., 2019, Journal of Advances in Microbiology",2017,Cameroon,CMR,14,21,13,53,5.9631,10.1591,23,Bamenda,,1,,,,,,,
"Abongwa et al., 2019, Journal of Advances in Microbiology",2017,Cameroon,CMR,21,30,94,397,5.9631,10.1591,23,Bamenda,,1,,,,,,,
"Abongwa et al., 2019, Journal of Advances in Microbiology",2017,Cameroon,CMR,31,45,32,156,5.9631,10.1591,23,Bamenda,,1,,,,,,,
"Wam et al, 2016, BMC Research Notes",2014,Cameroon,CMR,15,25,NA,53,6.2556,10.2965,,Njinikom,,1,https://bmcresnotes.biomedcentral.com/articles/10.1186/s13104-016-2206-0,,Added by IN,,,,
"Wam et al, 2016, BMC Research Notes",2014,Cameroon,CMR,26,35,NA,70,6.2556,10.2965,,Njinikom,,1,,,,,,,
"Wam et al, 2016, BMC Research Notes",2014,Cameroon,CMR,36,49,NA,55,6.2556,10.2965,,Njinikom,,1,,,,,,,
"Ayeah et al., 2022, Journal of Parasitology Research",2019-2020,Cameroon,CMR,15,24,62,88,3.8617,11.5202,,Yaoundé,,1,https://pmc.ncbi.nlm.nih.gov/articles/PMC8959950/pdf/JPR2022-6406259.pdf,,added by IN,,,,
"Ayeah et al., 2022, Journal of Parasitology Research",2019-2021,Cameroon,CMR,25,34,133,165,3.8617,11.5202,,Yaoundé,,1,,,,,,,
"Ayeah et al., 2022, Journal of Parasitology Research",2019-2022,Cameroon,CMR,35,44,41,47,3.8617,11.5202,,Yaoundé,,1,,,,,,,
"Doudou et al., 2014, Asian Pacific journal of tropical biomedicine",NA,Congo,COG,NA,NA,NA,NA,-4.3033,15.3105,NA,Kinshasa,,1,https://tropmedhealth.biomedcentral.com/articles/10.1186/s41182-018-0122-9,,,,,,
"Dumas, 1990, Annales de la Société belge de médecine tropicale",1985-1987,Congo,COG,0,14,43,148,-4.316534,15.304977,,Kinshasa,,0,requested from PUL-- I have PDF if needed,,Added by IN,,,,
"Dumas, 1990, Annales de la Société belge de médecine tropicale",1985-1987,Congo,COG,15,30,87,209,-4.316534,15.304977,,Kinshasa,,0,,,,,,,
"Dumas, 1990, Annales de la Société belge de médecine tropicale",1985-1987,Congo,COG,30,72,134,267,-4.316534,15.304977,,Kinshasa,,0,,,,,,,
"Dumas, 1990, Annales de la Société belge de médecine tropicale",1987,Congo,COG,0,14,67,478,-5.509092,14.690447,,Kwilu-Ngongo,,0,,,,,,,
"Dumas, 1990, Annales de la Société belge de médecine tropicale",1987,Congo,COG,15,30,131,281,-5.509092,14.690447,,Kwilu-Ngongo,,0,,,,,,,
"Dumas, 1990, Annales de la Société belge de médecine tropicale",1987,Congo,COG,30,80,239,365,-5.509092,14.690447,,Kwilu-Ngongo,,0,,,,,,,
"Fan et al., 2012, Parasites & vectors",2010,Democratic Republic of São Tomé and Príncipe,STP,0,8,21,31,"0.337600,",6.7299,,São Tomé,,0,https://pmc.ncbi.nlm.nih.gov/articles/PMC3425088/,,Added by IN,,,,
"Fan et al., 2012, Parasites & vectors",2010,Democratic Republic of São Tomé and Príncipe,STP,9,9,52,82,"0.337600,",6.7299,,São Tomé,,0,,,,,,,
"Fan et al., 2012, Parasites & vectors",2010,Democratic Republic of São Tomé and Príncipe,STP,10,10,58,83,"0.337600,",6.7299,,São Tomé,,0,,,,,,,
"Fan et al., 2012, Parasites & vectors",2010,Democratic Republic of São Tomé and Príncipe,STP,11,NA,30,59,"0.337600,",6.7299,,São Tomé,,0,,,,,,,
"Fan et al., 2006, Transactions of The Royal Society of Tropical Medicine and Hygiene",2003-2004,Democratic Republic of São Tomé and Príncipe,STP,0,2,3,29,"0.337600,",6.7299,,São Tomé,,0,https://academic.oup.com/trstmh/article/100/5/446/1901919?login=true,,added by IN,,,,
"Fan et al., 2006, Transactions of The Royal Society of Tropical Medicine and Hygiene",2003-2005,Democratic Republic of São Tomé and Príncipe,STP,2,3,4,26,"0.337600,",6.7299,,São Tomé,,0,,,,,,,
"Fan et al., 2006, Transactions of The Royal Society of Tropical Medicine and Hygiene",2003-2006,Democratic Republic of São Tomé and Príncipe,STP,3,4,8,36,"0.337600,",6.7299,,São Tomé,,0,,,,,,,
"Fan et al., 2006, Transactions of The Royal Society of Tropical Medicine and Hygiene",2003-2007,Democratic Republic of São Tomé and Príncipe,STP,4,5,11,30,"0.337600,",6.7299,,São Tomé,,0,,,,,,,
"Hung et al., 2007, Transactions of The Royal Society of Tropical Medicine and Hygiene",2003-2004,Democratic Republic of São Tomé and Príncipe,STP,15,25,178,253,0.356731,6.722285,,São Tomé,,1,https://academic.oup.com/trstmh/article/101/2/134/1849210?login=true,,Added by IN,,,,
"Hung et al., 2007, Transactions of The Royal Society of Tropical Medicine and Hygiene",2003-2004,Democratic Republic of São Tomé and Príncipe,STP,25,35,143,183,0.356731,6.722285,,São Tomé,,1,,,,,,,
"Hung et al., 2007, Transactions of The Royal Society of Tropical Medicine and Hygiene",2003-2004,Democratic Republic of São Tomé and Príncipe,STP,36,NA,54,63,0.356731,6.722285,,São Tomé,,1,,,,,,,
"Abdelbaset AE et al., 2020, eterinary World",2017 - 2018,Egypt,EGY,17,19,1,12,28.0871,30.7618,24.825,Third Al Minya,,1,,,,,,,
"Abdelbaset AE et al., 2020, eterinary World",2017 - 2018,Egypt,EGY,20,24,9,32,28.0871,30.7618,24.825,Third Al Minya,,1,,,,,,,
"Abdelbaset AE et al., 2020, eterinary World",2017 - 2018,Egypt,EGY,25,29,6,29,28.0871,30.7618,24.825,Third Al Minya,,1,,,,,,,
"Abdelbaset AE et al., 2020, eterinary World",2017 - 2018,Egypt,EGY,30,35,4,15,28.0871,30.7618,24.825,Third Al Minya,,1,,,,,,,
"Abdelbaset AE et al., 2020, eterinary World",2017 - 2018,Egypt,EGY,36,NA,2,8,28.0871,30.7618,24.825,Third Al Minya,,1,,,,,,,
"Hafez Hassanain et al., 2018, Pakistan Journal of Biological Sciences: PJBS",2016 - 2017,Egypt,EGY,15,19,0,9,28.7666,29.2321,23.55,NA,Giza Governorate,1,https://scialert.net/fulltext/?doi=pjbs.2018.463.468,,,,,,
"Hafez Hassanain et al., 2018, Pakistan Journal of Biological Sciences: PJBS",2016 - 2017,Egypt,EGY,20,24,17,108,28.7666,29.2321,23.55,NA,Giza Governorate,1,,,,,,,
"Hafez Hassanain et al., 2018, Pakistan Journal of Biological Sciences: PJBS",2016 - 2017,Egypt,EGY,25,29,27,176,28.7666,29.2321,23.55,NA,Giza Governorate,1,,,,,,,
"Hafez Hassanain et al., 2018, Pakistan Journal of Biological Sciences: PJBS",2016 - 2017,Egypt,EGY,30,34,19,62,28.7666,29.2321,23.55,NA,Giza Governorate,1,,,,,,,
"Hafez Hassanain et al., 2018, Pakistan Journal of Biological Sciences: PJBS",2016 - 2017,Egypt,EGY,35,39,11,26,28.7666,29.2321,23.55,NA,Giza Governorate,1,,,,,,,
"Hafez Hassanain et al., 2018, Pakistan Journal of Biological Sciences: PJBS",2016 - 2017,Egypt,EGY,40,44,5,7,28.7666,29.2321,23.55,NA,Giza Governorate,1,,,,,,,
"El Deeb et al., 2012, Acta Tropica",2010 - 2011,Egypt,EGY,19,29,134,228,30.5972,30.9876,23.425,Shinbin el Kom,,1,,,,,,,
"El Deeb et al., 2012, Acta Tropica",2010 - 2011,Egypt,EGY,30,39,84,95,30.5972,30.9876,23.425,Shinbin el Kom,,1,,,,,,,
"El-Shqanqery HE et al., 2017, Egyptian Society of Parasitology",2014,Egypt,EGY,NA,25,102,347,NA,NA,NA,*Exclude,,1,,"Ibrahim, HM 2017 Asian Pacific Journal of Tropical Medicine --article as found by IN",,,,,
"El-Shqanqery HE et al., 2017, Egyptian Society of Parasitology",2014,Egypt,EGY,26,NA,107,346,NA,NA,NA,*Exclude,,1,,,,,,,
"Tecle AS et al., 2020, International Journal of Medical Parisitology & Epidemiology Sciences",2016,Eritrea,ERI,15,24,25,57,15.3317,38.93,19.05,Asmara,,1,,,,,,,
"Tecle AS et al., 2020, International Journal of Medical Parisitology & Epidemiology Sciences",2016,Eritrea,ERI,25,34,69,125,15.3317,38.93,19.05,Asmara,,1,,,,,,,
"Tecle AS et al., 2020, International Journal of Medical Parisitology & Epidemiology Sciences",2016,Eritrea,ERI,35,44,18,28,15.3317,38.93,19.05,Asmara,,1,,,,,,,
"Guebre-Xavier, 1993, Ethiopian medical journal",1990,Eritrea,ERI,20,52,82.935,97,15.3317,38.93,,Asmara,,0,,blood donors in Asmara,NOTE: at time of data collection Asmara was part of Ethiopia but now it is part of Eritrea,,,,
"Lio et al, 2009, Annals of Tropical Medicine & Parasitology",2009,Eswatini,SWZ,0,5,2,31,-26.682858,31.683056,,Siphofaneni town,,0,https://www.researchgate.net/publication/40766488_Seroprevalence_of_Toxoplasma_gondii_infection_among_children_in_Swaziland_southern_Africa,Using pulication year,Added by IN,,,,
"Lio et al, 2009, Annals of Tropical Medicine & Parasitology",2009,Eswatini,SWZ,6,10,0,4,-26.682858,31.683056,,Siphofaneni town,,0,,,,,,,
"Lio et al, 2009, Annals of Tropical Medicine & Parasitology",2009,Eswatini,SWZ,11,NA,0,3,-26.682858,31.683056,,Siphofaneni town,,0,,,,,,,
"Lio et al, 2009, Annals of Tropical Medicine & Parasitology",2009,Eswatini,SWZ,0,5,1,30,-26.496889,31.37896,,Manzini,,0,,,Added by IN,,,,
"Lio et al, 2009, Annals of Tropical Medicine & Parasitology",2009,Eswatini,SWZ,6,10,6,28,-26.496889,31.37896,,Manzini,,0,,,,,,,
"Lio et al, 2009, Annals of Tropical Medicine & Parasitology",2009,Eswatini,SWZ,11,NA,0,17,-26.496889,31.37896,,Manzini,,0,,,,,,,
"Yohanes T et al., 2017, Transl Biomed",2015,Ethiopia,ETH,15,19,12,16,6.035,37.5573,23.5,Minch,,1,,,,,,,
"Yohanes T et al., 2017, Transl Biomed",2015,Ethiopia,ETH,20,24,59,69,6.035,37.5573,23.5,Minch,,1,,,,,,,
"Yohanes T et al., 2017, Transl Biomed",2015,Ethiopia,ETH,25,29,79,101,6.035,37.5573,23.5,Minch,,1,,,,,,,
"Yohanes T et al., 2017, Transl Biomed",2015,Ethiopia,ETH,30,34,24,35,6.035,37.5573,23.5,Minch,,1,,,,,,,
"Yohanes T et al., 2017, Transl Biomed",2015,Ethiopia,ETH,35,39,10,11,6.035,37.5573,23.5,Minch,,1,,,,,,,
"Abamecha et al., 2016, BMC infectious diseases",2014 - 2015,Ethiopia,ETH,16,20,64,NA,6.9924,35.5818,28,Mizan Teferi,,1,,total sero positive 198/232-- IN,,,,,
"Abamecha et al., 2016, BMC infectious diseases",2014 - 2015,Ethiopia,ETH,21,30,124,NA,6.9924,35.5818,28,Mizan Teferi,,1,,,,,,,
"Abamecha et al., 2016, BMC infectious diseases",2014 - 2015,Ethiopia,ETH,31,NA,10,NA,6.9924,35.5818,28,Mizan Teferi,,1,,,,,,,
"Fenta., 2019, BMC infectious diseases",2016 - 2017,Ethiopia,ETH,15,24.9,127,161,6.5157,36.9541,24.75,Burch'i,,1,,,,,,,
"Fenta., 2019, BMC infectious diseases",2016 - 2017,Ethiopia,ETH,25,34.9,250,301,6.5157,36.9541,24.75,Burch'i,,1,,,,,,,
"Fenta., 2019, BMC infectious diseases",2016 - 2017,Ethiopia,ETH,35,42,5,32,6.5157,36.9541,24.75,Burch'i,,1,,,,,,,
"Jula et al., 2018, Revista Española de Quimioterapia",2015,Ethiopia,ETH,15,19,11,55,7.012,39.1544,15.3,Dodola,,1,,,,,,,
"Jula et al., 2018, Revista Española de Quimioterapia",2015,Ethiopia,ETH,20,24,37,146,7.012,39.1544,15.3,Dodola,,1,,,,,,,
"Jula et al., 2018, Revista Española de Quimioterapia",2015,Ethiopia,ETH,25,29,28,115,7.012,39.1544,15.3,Dodola,,1,,,,,,,
"Jula et al., 2018, Revista Española de Quimioterapia",2015,Ethiopia,ETH,30,34,14,64,7.012,39.1544,15.3,Dodola,,1,,,,,,,
"Jula et al., 2018, Revista Española de Quimioterapia",2015,Ethiopia,ETH,35,39,6,16,7.012,39.1544,15.3,Dodola,,1,,,,,,,
"Negero et al., 2017, International Journal of Infectious Diseases ",2016,Ethiopia,ETH,15,25,47,68,7.2672,36.2468,17.05,Bonga,,1,https://www.ijidonline.com/article/S1201-9712(17)30016-4/fulltext,,,,,,
"Negero et al., 2017, International Journal of Infectious Diseases ",2016,Ethiopia,ETH,26,35,47,65,7.2672,36.2468,17.05,Bonga,,1,,,,,,,
"Negero et al., 2017, International Journal of Infectious Diseases ",2016,Ethiopia,ETH,36,44,65,77,7.2672,36.2468,17.05,Bonga,,1,,,,,,,
"Zemene et al., 2012, BMC infectious diseases",2011,Ethiopia,ETH,15,19,16,25,7.6753,36.8373,18.1,Jimma,,1,,,,,,,
"Zemene et al., 2012, BMC infectious diseases",2011,Ethiopia,ETH,20,24,81,97,7.6753,36.8373,18.1,Jimma,,1,,,,,,,
"Zemene et al., 2012, BMC infectious diseases",2011,Ethiopia,ETH,25,29,55,62,7.6753,36.8373,18.1,Jimma,,1,,,,,,,
"Zemene et al., 2012, BMC infectious diseases",2011,Ethiopia,ETH,30,35,16,17,7.6753,36.8373,18.1,Jimma,,1,,,,,,,
"Gelaye et al., 2015, International Journal of Infectious Diseases",2010 - 2011,Ethiopia,ETH,15,24,34,42,9.0192,38.7525,17.4,Addis Ababa,,1,,,,,,,
"Gelaye et al., 2015, International Journal of Infectious Diseases",2010 - 2011,Ethiopia,ETH,25,34,186,218,9.0192,38.7525,17.4,Addis Ababa,,1,,,,,,,
"Gelaye et al., 2015, International Journal of Infectious Diseases",2010 - 2011,Ethiopia,ETH,35,42,26,28,9.0192,38.7525,17.4,Addis Ababa,,1,,,,,,,
"Negussie A et al., 2017, Int J Trop Dis Health",2013,Ethiopia,ETH,15,19,25,61,9.3511,42.8005,22.7,Jijiga,,1,,,,,,,
"Negussie A et al., 2017, Int J Trop Dis Health",2013,Ethiopia,ETH,20,34,78,221,9.3511,42.8005,22.7,Jijiga,,1,,,,,,,
"Negussie A et al., 2017, Int J Trop Dis Health",2013,Ethiopia,ETH,35,49,2,19,9.3511,42.8005,22.7,Jijiga,,1,,,,,,,
"Mulugeta et al., 2020, Infectious Diseases: Research and Treatment 13",2015 - 2016,Ethiopia,ETH,15,20,15,24,10.3296,37.7344,18.575,Debre Markos,,1,,,,,,,
"Mulugeta et al., 2020, Infectious Diseases: Research and Treatment 13",2015 - 2016,Ethiopia,ETH,21,25,71,98,10.3296,37.7344,18.575,Debre Markos,,1,,,,,,,
"Mulugeta et al., 2020, Infectious Diseases: Research and Treatment 13",2015 - 2016,Ethiopia,ETH,26,30,52,84,10.3296,37.7344,18.575,Debre Markos,,1,,,,,,,
"Mulugeta et al., 2020, Infectious Diseases: Research and Treatment 13",2015 - 2016,Ethiopia,ETH,31,35,2,15,10.3296,37.7344,18.575,Debre Markos,,1,,,,,,,
"Mulugeta et al., 2020, Infectious Diseases: Research and Treatment 13",2015 - 2016,Ethiopia,ETH,36,40,6,8,10.3296,37.7344,18.575,Debre Markos,,1,,,,,,,
"Mulugeta et al., 2020, Infectious Diseases: Research and Treatment 13",2015 - 2016,Ethiopia,ETH,41,45,2,4,10.3296,37.7344,18.575,Debre Markos,,1,,,,,,,
"Adunga B et al., 2021, Infection and Drug Resistanc",2019,Ethiopia,ETH,18,24,84,120,11.3494,37.9785,17.5,Yedu,,1,,,,,,,
"Adunga B et al., 2021, Infection and Drug Resistanc",2019,Ethiopia,ETH,25,30,60,213,11.3494,37.9785,17.5,Yedu,,1,,,,,,,
"Adunga B et al., 2021, Infection and Drug Resistanc",2019,Ethiopia,ETH,31,46,21,68,11.3494,37.9785,17.5,Yedu,,1,,,,,,,
"Awoke K et al., 2015, Asian Pacific journal of tropical medicine",2013 - 2014,Ethiopia,ETH,15,19,1,5,11.5876,37.3878,18.075,Bahir Dar,,1,,,,,,,
"Awoke K et al., 2015, Asian Pacific journal of tropical medicine",2013 - 2014,Ethiopia,ETH,20,24,17,108,11.5876,37.3878,18.075,Bahir Dar,,1,,,,,,,
"Awoke K et al., 2015, Asian Pacific journal of tropical medicine",2013 - 2014,Ethiopia,ETH,25,29,34,176,11.5876,37.3878,18.075,Bahir Dar,,1,,,,,,,
"Awoke K et al., 2015, Asian Pacific journal of tropical medicine",2013 - 2014,Ethiopia,ETH,30,34,8,62,11.5876,37.3878,18.075,Bahir Dar,,1,,,,,,,
"Awoke K et al., 2015, Asian Pacific journal of tropical medicine",2013 - 2014,Ethiopia,ETH,35,39,6,26,11.5876,37.3878,18.075,Bahir Dar,,1,,,,,,,
"Awoke K et al., 2015, Asian Pacific journal of tropical medicine",2013 - 2014,Ethiopia,ETH,40,44,5,7,11.5876,37.3878,18.075,Bahir Dar,,1,,,,,,,
"Agmas et al., 2015, BMC research notes",2013,Ethiopia,ETH,16,20,16,32,11.8567,38.0155,19.05,Debre Tabor,,1,,,,,,,
"Agmas et al., 2015, BMC research notes",2013,Ethiopia,ETH,21,25,25,50,11.8567,38.0155,19.05,Debre Tabor,,1,,,,,,,
"Agmas et al., 2015, BMC research notes",2013,Ethiopia,ETH,26,30,41,67,11.8567,38.0155,19.05,Debre Tabor,,1,,,,,,,
"Agmas et al., 2015, BMC research notes",2013,Ethiopia,ETH,31,35,54,63,11.8567,38.0155,19.05,Debre Tabor,,1,,,,,,,
"Agmas et al., 2015, BMC research notes",2013,Ethiopia,ETH,36,44,44,51,11.8567,38.0155,19.05,Debre Tabor,,1,,,,,,,
"Endris M et al., 2014, Iranian journal of parasitology",2010 - 2011,Ethiopia,ETH,NA,30,293,333,12.5986,37.451,20.775,Gondar,,1,,,,,,,
"Endris M et al., 2014, Iranian journal of parasitology",2010 - 2011,Ethiopia,ETH,31,NA,48,52,12.5986,37.451,20.775,Gondar,,1,,,,,,,
"Teweldmedihin et al., 2019, BMC infectious diseases",2018,Ethiopia,ETH,15,24,13,117,14.1629,38.893,19.05,Burch'i,,1,,,,,,,
"Teweldmedihin et al., 2019, BMC infectious diseases",2018,Ethiopia,ETH,25,34,65,178,14.1629,38.893,19.05,Burch'i,,1,,,,,,,
"Teweldmedihin et al., 2019, BMC infectious diseases",2018,Ethiopia,ETH,35,49,50,65,14.1629,38.893,19.05,Burch'i,,1,,,,,,,
"Walle et al., 2013, Parasites & Vectors",2013,Ethiopia,ETH,18,20,15,29,11.5876,37.3878,,Bahir Dar,***,0,https://parasitesandvectors.biomedcentral.com/articles/10.1186/1756-3305-6-15,blood donors in Bahir Dar,added by IN,,,,
"Walle et al., 2013, Parasites & Vectors",2013,Ethiopia,ETH,21,30,41,52,11.5876,37.3878,,Bahir Dar,,0,,blood donors in Bahir Dar,,,,,
"Walle et al., 2013, Parasites & Vectors",2013,Ethiopia,ETH,31,40,8,9,11.5876,37.3878,,Bahir Dar,,0,,blood donors in Bahir Dar,,,,,
"Walle et al., 2013, Parasites & Vectors",2013,Ethiopia,ETH,41,55,7,10,11.5876,37.3878,,Bahir Dar,,0,,blood donors in Bahir Dar,,,,,
"Shimelis et al., 2009, BMC Res Notes",2007,Ethiopia,ETH,17,24,87,106,9.0192,38.7525,,Addis Ababa,***,0,https://bmcresnotes.biomedcentral.com/articles/10.1186/1756-0500-2-213#citeas,study done comparing HIV to non HIV. Numbers recorded here are from healthy participants,added by IN,,,,
"Shimelis et al., 2009, BMC Res Notes",2007,Ethiopia,ETH,25,34,122,132,9.0192,38.7525,,Addis Ababa,,0,,,,,,,
"Shimelis et al., 2009, BMC Res Notes",2007,Ethiopia,ETH,35,NA,88,92,9.0192,38.7525,,Addis Ababa,,0,,,,,,,
"Negash et al., 2007, Central African journal of medicine",2007,Ethiopia,ETH,0,21,8,15,8.530568,39.258684,,Nazareth Town,,0,,using publicaiton year,added by IN,,,,
"Negash et al., 2007, Central African journal of medicine",2007,Ethiopia,ETH,22,43,25,39,8.530568,39.258684,,Nazareth Town,,0,,,,,,,
"Negash et al., 2007, Central African journal of medicine",2007,Ethiopia,ETH,44,65,7,14,8.530568,39.258684,,Nazareth Town,,0,,,,,,,
"Guebre-Xavier, 1993, Ethiopian medical journal",1990,Ethiopia,ETH,11,70,130.968,136,7.675094,36.840633,,Jima,,0,requested from PUL-- I have PDF if needed,seropositive given as percentage (hence decimals),,,,,
"Guebre-Xavier, 1993, Ethiopian medical journal",1990,Ethiopia,ETH,18,55,46,50,7.675094,36.840633,,Jima,,0,,blood donors in Jima,,,,,
"Guebre-Xavier, 1993, Ethiopian medical journal",1990,Ethiopia,ETH,14,18,73.95,87,9.0192,38.7525,,Addis Ababa,,0,,Addis Abeba leprosy family children,,,,,
"Guebre-Xavier, 1993, Ethiopian medical journal",1990,Ethiopia,ETH,16,55,84,100,6.748487,38.410306,,Yirgalem,,0,,,,,,,
"Guebre-Xavier, 1993, Ethiopian medical journal",1990,Ethiopia,ETH,18,50,98.01,121,9.0192,38.7525,,Addis Ababa,,0,,blood donors in addis ababa,,,,,
"Guebre-Xavier, 1993, Ethiopian medical journal",1990,Ethiopia,ETH,1,60,139.065,219,9.0192,38.7525,,Addis Ababa,,0,,,,,,,
"Guebre-Xavier, 1993, Ethiopian medical journal",1990,Ethiopia,ETH,15,50,23.982,42,8.119146,38.37798,,Butajira,,0,,,,,,,
"Guebre-Xavier, 1993, Ethiopian medical journal",1990,Ethiopia,ETH,1,75,77.08,164,5.3398,37.4418,,Konso,,0,requested from PUL-- I have PDF if needed,,added by IN,,,,
"Pegha Moukandija et al., 2017, BMC Pregnancy and Childbirth",2007 -2010,Gabon,GAB,13,17,129,265,-1.6196,13.6015,26.375,Franceville,,1,,,,,,,
"Pegha Moukandija et al., 2017, BMC Pregnancy and Childbirth",2007 -2010,Gabon,GAB,18,24,132,300,-1.6196,13.6015,26.375,Franceville,,1,,,,,,,
"Pegha Moukandija et al., 2017, BMC Pregnancy and Childbirth",2007 -2010,Gabon,GAB,25,44,155,408,-1.6196,13.6015,26.375,Franceville,,1,,,,,,,
"Ayi I et al., 2016, Tropical medicine and health",2015,Ghana,GHA,16,44,64,125,5.5593,-0.1974,30,Accra,,1,,,,,,,
"Kwofie KD et al., 2016, Maternal and child health journal",2015,Ghana,GHA,18,20,1,3,5.5593,-0.1974,30,Accra,,1,,,,,,,
"Kwofie KD et al., 2016, Maternal and child health journal",2015,Ghana,GHA,21,25,8,24,5.5593,-0.1974,30,Accra,,1,,,,,,,
"Kwofie KD et al., 2016, Maternal and child health journal",2015,Ghana,GHA,26,30,9,25,5.5593,-0.1974,30,Accra,,1,,,,,,,
"Kwofie KD et al., 2016, Maternal and child health journal",2015,Ghana,GHA,31,35,10,26,5.5593,-0.1974,30,Accra,,1,,,,,,,
"Kwofie KD et al., 2016, Maternal and child health journal",2015,Ghana,GHA,36,40,5,13,5.5593,-0.1974,30,Accra,,1,,,,,,,
"Kwofie KD et al., 2016, Maternal and child health journal",2015,Ghana,GHA,41,45,2,2,5.5593,-0.1974,30,Accra,,1,,,,,,,
"Singh B et al., 2021, Infectious Diseases in Obstetrics and Gynecology",2017 - 2018,Ghana,GHA,20,29,109,182,6.6666,-1.6163,29.25,Kumasi,,1,,,,,,,
"Singh B et al., 2021, Infectious Diseases in Obstetrics and Gynecology",2017 - 2018,Ghana,GHA,30,39,112,203,6.6666,-1.6163,29.25,Kumasi,,1,,,,,,,
"Singh B et al., 2021, Infectious Diseases in Obstetrics and Gynecology",2017 - 2018,Ghana,GHA,40,NA,8,15,6.6666,-1.6163,29.25,Kumasi,,1,,,,,,,
"Völker et al., 2017, BMC pregnancy and childbirth",2017,Ghana,GHA,14,48,122.64,168,NA,NA,NA,,,1,https://bmcpregnancychildbirth.biomedcentral.com/articles/10.1186/s12884-017-1351-3,given as percentage origionally-- IN; year not provided so took year of study CJEM,,,,,
"Agordzo et al., 2020, AAS Open Res",2018,Ghana,GHA,0,18,19,67,,,,,Ashanti Region,0,https://openresearchafrica.org/articles/2-166,,Added by IN,,,,
"Agordzo et al., 2020, AAS Open Res",2018,Ghana,GHA,19,44,92,175,,,,,Ashanti Region,0,,,,,,,
"Agordzo et al., 2020, AAS Open Res",2018,Ghana,GHA,44,NA,40,58,,,,,Ashanti Region,0,,,,,,,
"Adou-Bryn et al., 2004, Bulletin de la Société de pathologie exotique",2000 - 2001,Ivory Coast,CIV,14,25,237,482,5.3252,-4.0196,27.5,Abidjan,,1,,,,,,,
"Adou-Bryn et al., 2004, Bulletin de la Société de pathologie exotique",2000 - 2001,Ivory Coast,CIV,25,47,342,543,5.3252,-4.0196,27.5,Abidjan,,1,,,,,,,
"Koffi et al., 2015, International Journal of Tropical Disease and Health",2014,Ivory Coast,CIV,14,23,89,158,6.8883,-6.4397,21,Daloa,,1,,,,,,,
"Koffi et al., 2015, International Journal of Tropical Disease and Health",2014,Ivory Coast,CIV,24,33,108,190,6.8883,-6.4397,21,Daloa,,1,,,,,,,
"Koffi et al., 2015, International Journal of Tropical Disease and Health",2014,Ivory Coast,CIV,34,43,29,37,6.8883,-6.4397,21,Daloa,,1,,,,,,,
"Hunsperger et al., 2024, Epidemiology and infection",2017-2019,Kenya,KEN,NA,20,18,62,-4.041855,39.665312,,Mombasa,,1,https://pmc.ncbi.nlm.nih.gov/articles/PMC11077605/,estimate positive numbers from graph,added by IN,,,,
"Hunsperger et al., 2024, Epidemiology and infection",2017-2020,Kenya,KEN,21,35,109,351,-4.041855,39.665312,,Mombasa,,1,,,,,,,
"Hunsperger et al., 2024, Epidemiology and infection",2017-2021,Kenya,KEN,36,NA,32,68,-4.041855,39.665312,,Mombasa,,1,,,,,,,
"Ouologuem et al., 2013, The Journal of parasitology",2007-2009,Mali,MLI,0,0,11,35,12.624865,-7.989392,,Bamako,,0,,neonate,Added by IN,,,,
"Ouologuem et al., 2013, The Journal of parasitology",2007-2009,Mali,MLI,15,NA,31,113,12.624865,-7.989392,,Bamako,,0,,,,,,,
"Ouologuem et al., 2013, The Journal of parasitology",2007-2009,Mali,MLI,0.5,1,0,4,13.480671,-8.985013,,Kolle,,0,,,,,,,
"Ouologuem et al., 2013, The Journal of parasitology",2007-2010,Mali,MLI,1,4,1,58,13.480671,-8.985013,,Kolle,,0,,,,,,,
"Ouologuem et al., 2013, The Journal of parasitology",2007-2011,Mali,MLI,4,9,3,128,13.480671,-8.985013,,Kolle,,0,,,,,,,
"Ouologuem et al., 2013, The Journal of parasitology",2007-2012,Mali,MLI,10,14,6,63,13.480671,-8.985013,,Kolle,,0,,,,,,,
"Ouologuem et al., 2013, The Journal of parasitology",2007-2013,Mali,MLI,15,NA,10,41,13.480671,-8.985013,,Kolle,,0,,,,,,,
"Monjour et al., 1982, Tropical and Geographical Medicine",1973,Mauritania,MRT,6,13,57.96,252,20.504222,-13.052596,,Atar,,0,requested from PUL,DATA MIGHT BE TOO OLD TO INCLUDE,,"positivity given as percentage, hence decimals",,,
"Monjour et al., 1982, Tropical and Geographical Medicine",1973,Mauritania,MRT,14,18,11.76,49,20.504222,-13.052596,,Atar,,0,,,,,,,
"Monjour et al., 1982, Tropical and Geographical Medicine",1973,Mauritania,MRT,19,25,25,100,20.504222,-13.052596,,Atar,,0,,,,,,,
"Monjour et al., 1982, Tropical and Geographical Medicine",1973,Mauritania,MRT,6,13,36.74,167,20.46061,-12.365102,,Chinguetti,,0,,,,,,,
"Monjour et al., 1982, Tropical and Geographical Medicine",1973,Mauritania,MRT,14,18,8,32,20.46061,-12.365102,,Chinguetti,,0,,,,,,,
"Monjour et al., 1982, Tropical and Geographical Medicine",1973,Mauritania,MRT,19,25,27,100,20.46061,-12.365102,,Chinguetti,,0,,,,,,,
"Monjour et al., 1982, Tropical and Geographical Medicine",1973,Mauritania,MRT,6,13,12,240,20.947758,-17.036473,,Nouadhibou,,0,,,,,,,
"Monjour et al., 1982, Tropical and Geographical Medicine",1973,Mauritania,MRT,14,18,13.78,53,20.947758,-17.036473,,Nouadhibou,,0,,,,,,,
"Monjour et al., 1982, Tropical and Geographical Medicine",1973,Mauritania,MRT,19,25,32,100,20.947758,-17.036473,,Nouadhibou,,0,,,,,,,
"Monjour et al., 1982, Tropical and Geographical Medicine",1973,Mauritania,MRT,6,13,8.25,165,19.745317,-14.388077,,Akjoujt,,0,,,,,,,
"Monjour et al., 1982, Tropical and Geographical Medicine",1973,Mauritania,MRT,14,18,7.14,42,19.745317,-14.388077,,Akjoujt,,0,,,,,,,
"Monjour et al., 1982, Tropical and Geographical Medicine",1973,Mauritania,MRT,19,25,18,100,19.745317,-14.388077,,Akjoujt,,0,,,,,,,
"Monjour et al., 1982, Tropical and Geographical Medicine",1973,Mauritania,MRT,6,13,6.45,129,17.550589,-14.695458,,Boutilimit,,0,,,,,,,
"Monjour et al., 1982, Tropical and Geographical Medicine",1973,Mauritania,MRT,14,18,4.03,31,17.550589,-14.695458,,Boutilimit,,0,,,,,,,
"Monjour et al., 1982, Tropical and Geographical Medicine",1973,Mauritania,MRT,19,25,14,100,17.550589,-14.695458,,Boutilimit,,0,,,,,,,
"Monjour et al., 1982, Tropical and Geographical Medicine",1973,Mauritania,MRT,6,13,28.05,165,18.555044,-11.429944,,Tidjikda,,0,,,,,,,
"Monjour et al., 1982, Tropical and Geographical Medicine",1973,Mauritania,MRT,14,18,7.04,32,18.555044,-11.429944,,Tidjikda,,0,,,,,,,
"Monjour et al., 1982, Tropical and Geographical Medicine",1973,Mauritania,MRT,19,25,23,100,18.555044,-11.429944,,Tidjikda,,0,,,,,,,
"Monjour et al., 1982, Tropical and Geographical Medicine",1973,Mauritania,MRT,6,13,5.08,127,16.622456,-11.405911,,Kiffa,,0,,,,,,,
"Monjour et al., 1982, Tropical and Geographical Medicine",1973,Mauritania,MRT,14,18,6.16,44,16.622456,-11.405911,,Kiffa,,0,,,,,,,
"Monjour et al., 1982, Tropical and Geographical Medicine",1973,Mauritania,MRT,19,25,20,100,16.622456,-11.405911,,Kiffa,,0,,,,,,,
"Monjour et al., 1982, Tropical and Geographical Medicine",1973,Mauritania,MRT,6,13,35.1,195,16.615836,-7.265171,,Nema,,0,,,,,,,
"Monjour et al., 1982, Tropical and Geographical Medicine",1973,Mauritania,MRT,14,18,9.03,43,16.615836,-7.265171,,Nema,,0,,,,,,,
"Monjour et al., 1982, Tropical and Geographical Medicine",1973,Mauritania,MRT,19,25,23,100,16.615836,-7.265171,,Nema,,0,,,,,,,
"Monjour et al., 1982, Tropical and Geographical Medicine",1973,Mauritania,MRT,6,13,20.8,260,16.514405,-15.806832,,Rosso,,0,,,,,,,
"Monjour et al., 1982, Tropical and Geographical Medicine",1973,Mauritania,MRT,14,18,19.46,139,16.514405,-15.806832,,Rosso,,0,,,,,,,
"Monjour et al., 1982, Tropical and Geographical Medicine",1973,Mauritania,MRT,19,25,19,100,16.514405,-15.806832,,Rosso,,0,,,,,,,
"Monjour et al., 1982, Tropical and Geographical Medicine",1973,Mauritania,MRT,6,13,17.76,222,16.602977,-15.34778,,Thekan,,0,,,,,,,
"Monjour et al., 1982, Tropical and Geographical Medicine",1973,Mauritania,MRT,14,18,9.18,51,16.602977,-15.34778,,Thekan,,0,,,,,,,
"Monjour et al., 1982, Tropical and Geographical Medicine",1973,Mauritania,MRT,19,25,19,100,16.602977,-15.34778,,Thekan,,0,,,,,,,
"Monjour et al., 1982, Tropical and Geographical Medicine",1973,Mauritania,MRT,6,13,12.72,159,,,,Gani,NOTE: I can't find this city,0,,,,,,,
"Monjour et al., 1982, Tropical and Geographical Medicine",1973,Mauritania,MRT,14,18,9.2,46,,,,Gani,,0,,,,,,,
"Monjour et al., 1982, Tropical and Geographical Medicine",1973,Mauritania,MRT,19,25,21,100,,,,Gani,,0,,,,,,,
"Monjour et al., 1982, Tropical and Geographical Medicine",1973,Mauritania,MRT,6,13,28.8,320,16.59518,-14.261577,,Boghe,,0,,,,,,,
"Monjour et al., 1982, Tropical and Geographical Medicine",1973,Mauritania,MRT,14,18,10.95,73,16.59518,-14.261577,,Boghe,,0,,,,,,,
"Monjour et al., 1982, Tropical and Geographical Medicine",1973,Mauritania,MRT,19,25,20,100,16.59518,-14.261577,,Boghe,,0,,,,,,,
"Monjour et al., 1982, Tropical and Geographical Medicine",1973,Mauritania,MRT,6,13,13.44,168,,,,Rindio-Sylla and Benilabe,EXCLUDE -- two towns combinded,0,,,,,,,
"Monjour et al., 1982, Tropical and Geographical Medicine",1973,Mauritania,MRT,14,18,4.95,33,,,,Rindio-Sylla and Benilabe,EXCLUDE -- two towns combinded,0,,,,,,,
"Monjour et al., 1982, Tropical and Geographical Medicine",1973,Mauritania,MRT,19,25,15,100,,,,Rindio-Sylla and Benilabe,EXCLUDE -- two towns combinded,0,,,,,,,
"Monjour et al., 1982, Tropical and Geographical Medicine",1973,Mauritania,MRT,6,13,23.22,258,15.157346,12.185469,,Selibaby,,0,,,,,,,
"Monjour et al., 1982, Tropical and Geographical Medicine",1973,Mauritania,MRT,14,18,15.18,69,15.157346,12.185469,,Selibaby,,0,,,,,,,
"Monjour et al., 1982, Tropical and Geographical Medicine",1973,Mauritania,MRT,19,25,27,100,15.157346,12.185469,,Selibaby,,0,,,,,,,
"Monjour et al., 1982, Tropical and Geographical Medicine",1973,Mauritania,MRT,6,13,6.86,98,15.317684,-11.795101,,Bouly,,0,,,,,,,
"Monjour et al., 1982, Tropical and Geographical Medicine",1973,Mauritania,MRT,14,18,5.1,30,15.317684,-11.795101,,Bouly,,0,,,,,,,
"Monjour et al., 1982, Tropical and Geographical Medicine",1973,Mauritania,MRT,19,25,20,100,15.317684,-11.795101,,Bouly,,0,,,,,,,
"Monjour et al., 1982, Tropical and Geographical Medicine",1973,Mauritania,MRT,6,13,26.18,187,14.845624,-12.381846,,Diaguili,,0,,,,,,,
"Monjour et al., 1982, Tropical and Geographical Medicine",1973,Mauritania,MRT,14,18,15.12,56,14.845624,-12.381846,,Diaguili,,0,,,,,,,
"Monjour et al., 1982, Tropical and Geographical Medicine",1973,Mauritania,MRT,19,25,30,100,14.845624,-12.381846,,Diaguili,,0,,,,,,,
"Hoummadi L et al., 2020, African health sciences ",2014 -2016,Morocco,MAR,15,19,65,438,31.7331,-8.1339,23.233,Tamensourt,,1,,,,,,,
"Hoummadi L et al., 2020, African health sciences ",2014 -2016,Morocco,APR,20,25,256,1480,31.7331,-8.1339,23.233,Tamensourt,,1,,,,,,,
"Hoummadi L et al., 2020, African health sciences ",2014 -2016,Morocco,MAY,26,30,475,1854,31.7331,-8.1339,23.233,Tamensourt,,1,,,,,,,
"Hoummadi L et al., 2020, African health sciences ",2014 -2016,Morocco,JUN,30,35,394,699,31.7331,-8.1339,23.233,Tamensourt,,1,,,,,,,
"Hoummadi L et al., 2020, African health sciences ",2014 -2016,Morocco,JUL,36,39,220,436,31.7331,-8.1339,23.233,Tamensourt,,1,,,,,,,
"Hoummadi L et al., 2020, African health sciences ",2014 -2016,Morocco,AUG,40,52,80,171,31.7331,-8.1339,23.233,Tamensourt,,1,,,,,,,
"Laboudi M et al., 2021, Tropical Medicine and Health",2014 - 2018,Morocco,SEP,16,25,66,189,34.0084,-6.8539,21,Rabat,,1,,,,,,,
"Laboudi M et al., 2021, Tropical Medicine and Health",2014 - 2018,Morocco,OCT,26,30,67,144,34.0084,-6.8539,21,Rabat,,1,,,,,,,
"Laboudi M et al., 2021, Tropical Medicine and Health",2014 - 2018,Morocco,NOV,31,35,70,138,34.0084,-6.8539,21,Rabat,,1,,,,,,,
"Laboudi M et al., 2021, Tropical Medicine and Health",2014 - 2018,Morocco,DEC,36,46,45,105,34.0084,-6.8539,21,Rabat,,1,,,,,,,
"Tlamcani Z et al., 2017, Acta Medica International",2010 - 2015,Morocco,JAN,15,20,1,32,34.0181,-5.0078,19.458,Fes,,1,,,,,,,
"Tlamcani Z et al., 2017, Acta Medica International",2010 - 2015,Morocco,FEB,21,25,30,202,34.0181,-5.0078,19.458,Fes,,1,,,,,,,
"Tlamcani Z et al., 2017, Acta Medica International",2010 - 2015,Morocco,MAR,26,30,99,369,34.0181,-5.0078,19.458,Fes,,1,,,,,,,
"Tlamcani Z et al., 2017, Acta Medica International",2010 - 2015,Morocco,APR,31,35,84,339,34.0181,-5.0078,19.458,Fes,,1,,,,,,,
"Tlamcani Z et al., 2017, Acta Medica International",2010 - 2015,Morocco,MAY,36,40,60,286,34.0181,-5.0078,19.458,Fes,,1,,,,,,,
"Tlamcani Z et al., 2017, Acta Medica International",2010 - 2015,Morocco,JUN,41,45,9,112,34.0181,-5.0078,19.458,Fes,,1,,,,,,,
"Tlamcani Z et al., 2017, Acta Medica International",2010 - 2015,Morocco,JUL,46,50,1,27,34.0181,-5.0078,19.458,Fes,,1,,,,,,,
"Sitoe et al., 2010, Revista do Instituto de Medicina Tropical de São Paulo",NA,Mozambique,MOZ,NA,NA,NA,NA,-25.9692,32.5732,NA,Maputo,,1,,Temp was calculated using weather API and averageing the max and min temperature for the year the data was collected. ,,,,,
"Van der Colf BE et al., 2020, Southern African Journal of Infectious Diseases",2016,Namibia,NAM,15,20,0,38,-22.5649,17.0842,18.5,Windhoek,,1,,,,,,,
"Van der Colf BE et al., 2020, Southern African Journal of Infectious Diseases",2016,Namibia,NAM,21,25,3,108,-22.5649,17.0842,18.5,Windhoek,,1,,,,,,,
"Van der Colf BE et al., 2020, Southern African Journal of Infectious Diseases",2016,Namibia,NAM,26,30,5,96,-22.5649,17.0842,18.5,Windhoek,,1,,,,,,,
"Van der Colf BE et al., 2020, Southern African Journal of Infectious Diseases",2016,Namibia,NAM,31,35,0,59,-22.5649,17.0842,18.5,Windhoek,,1,,,,,,,
"Van der Colf BE et al., 2020, Southern African Journal of Infectious Diseases",2016,Namibia,NAM,36,47,1,43,-22.5649,17.0842,18.5,Windhoek,,1,,,,,,,
"Oboro IL et al., 2016, Nigerian Health Journal",2013,Nigeria,NGA,15,24,NA,NA,4.8472,6.9746,27,Harcourt,,1,,"189/288, min age was 22 max age was 46, didnt separate by age group-- IN",,,,,
"Oboro IL et al., 2016, Nigerian Health Journal",2013,Nigeria,NGA,25,34,NA,NA,4.8472,6.9746,27,Harcourt,,1,,,,,,,
"Oboro IL et al., 2016, Nigerian Health Journal",2013,Nigeria,NGA,35,44,NA,NA,4.8472,6.9746,27,Harcourt,,1,,,,,,,
"Oboro IL et al., 2016, Nigerian Health Journal",2013,Nigeria,NGA,45,54,NA,NA,4.8472,6.9746,27,Harcourt,,1,,,,,,,
"Yusuf et al., 2017, Borno Med Journal",2015 - 2016,Nigeria,NGA,18,25,22,43,6.335,5.6037,29.5,Benin City,,1,,,,,,,
"Yusuf et al., 2017, Borno Med Journal",2015 - 2016,Nigeria,NGA,26,35,36,63,6.335,5.6037,29.5,Benin City,,1,,,,,,,
"Yusuf et al., 2017, Borno Med Journal",2015 - 2016,Nigeria,NGA,36,45,72,94,6.335,5.6037,29.5,Benin City,,1,,,,,,,
"Yusuf et al., 2017, Borno Med Journal",2015 - 2016,Nigeria,NGA,46,NA,59,82,6.335,5.6037,29.5,Benin City,,1,,,,,,,
"Osunkalu et al., 2011, HIV/AIDS - Research and Palliative Care",2010,Nigeria,NGA,16,26,19,46,6.5244,3.3792,33,Lagos,,1,,*,,,,,
"Osunkalu et al., 2011, HIV/AIDS - Research and Palliative Care",2010,Nigeria,NGA,27,36,59,122,6.5244,3.3792,33,Lagos,,1,,,,,,,
"Osunkalu et al., 2011, HIV/AIDS - Research and Palliative Care",2010,Nigeria,NGA,37,46,102,140,6.5244,3.3792,33,Lagos,,1,,,,,,,
"Osunkalu et al., 2011, HIV/AIDS - Research and Palliative Care",2010,Nigeria,NGA,47,NA,26,72,6.5244,3.3792,33,Lagos,,1,,,,,,,
"Olusi et al., 1996, Scandanavian Journal of Infectious Diseases",1995,Nigeria,NGA,15,18,18,72,7.3369,8.7404,29,Kyayel,,1,,*,,,,,
"Olusi et al., 1996, Scandanavian Journal of Infectious Diseases",1995,Nigeria,NGA,19,22,28,83,7.3369,8.7404,29,Kyayel,,1,,,,,,,
"Olusi et al., 1996, Scandanavian Journal of Infectious Diseases",1995,Nigeria,NGA,23,26,45,117,7.3369,8.7404,29,Kyayel,,1,,,,,,,
"Olusi et al., 1996, Scandanavian Journal of Infectious Diseases",1995,Nigeria,NGA,27,30,50,120,7.3369,8.7404,29,Kyayel,,1,,,,,,,
"Olusi et al., 1996, Scandanavian Journal of Infectious Diseases",1995,Nigeria,NGA,31,34,43,92,7.3369,8.7404,29,Kyayel,,1,,,,,,,
"Olusi et al., 1996, Scandanavian Journal of Infectious Diseases",1995,Nigeria,NGA,35,38,45,80,7.3369,8.7404,29,Kyayel,,1,,,,,,,
"Olusi et al., 1996, Scandanavian Journal of Infectious Diseases",1995,Nigeria,NGA,39,42,30,42,7.3369,8.7404,29,Kyayel,,1,,,,,,,
"Dairo MD et al., 2018, African Journal of Biomedical Research",N/A,Nigeria,NGA,NA,NA,NA,NA,7.3775,3.947,NA,Ibadan,,1,,,,,,,
"Adeniyi OT et al., 2018, Journal of Infectious Diseases and Immunity",2017,Nigeria,NGA,NA,20,5,22,7.7827,4.5418,26.5,Osogobo,,1,,,,,,,
"Adeniyi OT et al., 2018, Journal of Infectious Diseases and Immunity",2017,Nigeria,NGA,21,30,113,246,7.7827,4.5418,26.5,Osogobo,,1,,,,,,,
"Adeniyi OT et al., 2018, Journal of Infectious Diseases and Immunity",2017,Nigeria,NGA,31,40,67,120,7.7827,4.5418,26.5,Osogobo,,1,,,,,,,
"Adeniyi OT et al., 2018, Journal of Infectious Diseases and Immunity",2017,Nigeria,NGA,41,50,1,3,7.7827,4.5418,26.5,Osogobo,,1,,,,,,,
"Zakari M et al., 2020, Malawi Medical Journa",2017 - 2018,Nigeria,NGA,15,19,0,0,9.0563,7.4985,28.5,Abuja,,1,,,,,,,
"Zakari M et al., 2020, Malawi Medical Journa",2017 - 2018,Nigeria,NGA,20,39,45,143,9.0563,7.4985,28.5,Abuja,,1,,,,,,,
"Zakari M et al., 2020, Malawi Medical Journa",2017 - 2018,Nigeria,NGA,40,49,2,12,9.0563,7.4985,28.5,Abuja,,1,,,,,,,
"Okojokwo O et al., 2023, Microbes and Infectious Diseases",2020,Nigeria,NGA,15,30,30,112,9.896527,8.858331,23,Jos– North,Plateau,1,https://mid.journals.ekb.eg/article_228803.html,,,,,,
"Okojokwo O et al., 2023, Microbes and Infectious Diseases",2020,Nigeria,NGA,31,40,12,44,9.896527,8.858331,23,Jos– North,Plateau,1,,,,,,,
"Okojokwo O et al., 2023, Microbes and Infectious Diseases",2020,Nigeria,NGA,41,50,0,2,9.896527,8.858331,23,Jos– North,Plateau,1,,,,,,,
"Akubuilo AS et al., 2020, Open Journal of Bioscience Research",2019,Nigeria,NGA,16,24,13,115,9.896527,8.858331,22.4,Jos– North,,1,,going to use year prior to published bc don’t have year data was collected,,,,,
"Akubuilo AS et al., 2020, Open Journal of Bioscience Research",2019,Nigeria,NGA,25,35,25,204,9.896527,8.858331,22.4,Jos– North,,1,,,,,,,
"Akubuilo AS et al., 2020, Open Journal of Bioscience Research",2019,Nigeria,NGA,36,45,7,65,9.896527,8.858331,22.4,Jos– North,,1,,,,,,,
"Akubuilo AS et al., 2020, Open Journal of Bioscience Research",2019,Nigeria,NGA,46,NA,0,0,9.896527,8.858331,22.4,Jos– North,,1,,,,,,,
"Ballah F et al., 2017, Asian Journal of Medicine and Health",2016,Nigeria,NGA,15,19,74,140,10.2791,11.1731,27.5,Gombe,,1,,,,,,,
"Ballah F et al., 2017, Asian Journal of Medicine and Health",2016,Nigeria,NGA,20,39,29,150,10.2791,11.1731,27.5,Gombe,,1,,,,,,,
"Ballah F et al., 2017, Asian Journal of Medicine and Health",2016,Nigeria,NGA,40,49,9,110,10.2791,11.1731,27.5,Gombe,,1,,,,,,,
"Nasir IA et al., 2015, Journal of Medical Sciences",2014,Nigeria,NGA,18,20,NA,60,11.8311,13.151,28,Maiduguri,,1,,,,,,,
"Nasir IA et al., 2015, Journal of Medical Sciences",2014,Nigeria,NGA,21,25,NA,104,11.8311,13.151,28,Maiduguri,,1,,,,,,,
"Nasir IA et al., 2015, Journal of Medical Sciences",2014,Nigeria,NGA,26,30,NA,92,11.8311,13.151,28,Maiduguri,,1,,,,,,,
"Nasir IA et al., 2015, Journal of Medical Sciences",2014,Nigeria,NGA,31,40,NA,104,11.8311,13.151,28,Maiduguri,,1,,,,,,,
"Oyinloye SO et al., 2014, African Journal of Clinical and Experimental Microbiology",2013,Nigeria,NGA,15,19,4,16,11.8311,13.151,26.95,Maiduguri,,1,,,,,,,
"Oyinloye SO et al., 2014, African Journal of Clinical and Experimental Microbiology",2013,Nigeria,NGA,20,24,8,45,11.8311,13.151,26.95,Maiduguri,,1,,,,,,,
"Oyinloye SO et al., 2014, African Journal of Clinical and Experimental Microbiology",2013,Nigeria,NGA,25,29,3,9,11.8311,13.151,26.95,Maiduguri,,1,,,,,,,
"Oyinloye SO et al., 2014, African Journal of Clinical and Experimental Microbiology",2013,Nigeria,NGA,30,34,4,17,11.8311,13.151,26.95,Maiduguri,,1,,,,,,,
"Oyinloye SO et al., 2014, African Journal of Clinical and Experimental Microbiology",2013,Nigeria,NGA,35,NA,1,3,11.8311,13.151,26.95,Maiduguri,,1,,,,,,,
"Ibrahim et al., 2017, UJMR",2016,Nigeria,NGA,17,20,3,79,12.0022,8.592,25.7,Kano,,1,,,,,,,
"Ibrahim et al., 2017, UJMR",2016,Nigeria,NGA,21,24,6,81,12.0022,8.592,25.7,Kano,,1,,,,,,,
"Ibrahim et al., 2017, UJMR",2016,Nigeria,NGA,25,28,9,75,12.0022,8.592,25.7,Kano,,1,,,,,,,
"Ibrahim et al., 2017, UJMR",2016,Nigeria,NGA,29,32,2,45,12.0022,8.592,25.7,Kano,,1,,,,,,,
"Ibrahim et al., 2017, UJMR",2016,Nigeria,NGA,33,36,4,31,12.0022,8.592,25.7,Kano,,1,,,,,,,
"Ibrahim et al., 2017, UJMR",2016,Nigeria,NGA,37,40,0,9,12.0022,8.592,25.7,Kano,,1,,,,,,,
"Alayande et al., 2012, African Journal of Microbiology Research",2011,Nigeria,NGA,10,19,1,4,13.0059,5.2476,27.5,Sokoto,,1,,*,,,,,
"Alayande et al., 2012, African Journal of Microbiology Research",2011,Nigeria,NGA,20,29,5,25,13.0059,5.2476,27.5,Sokoto,,1,,,,,,,
"Alayande et al., 2012, African Journal of Microbiology Research",2011,Nigeria,NGA,30,39,13,43,13.0059,5.2476,27.5,Sokoto,,1,,,,,,,
"Alayande et al., 2012, African Journal of Microbiology Research",2011,Nigeria,NGA,40,49,2,9,13.0059,5.2476,27.5,Sokoto,,1,,,,,,,
"Alayande et al., 2012, African Journal of Microbiology Research",2011,Nigeria,NGA,50,59,1,3,13.0059,5.2476,27.5,Sokoto,,1,,,,,,,
"Woken et al,. 2018, Nigerian Journal of Parisitology",2016,Nigeria,NGA,20,24,7,21,NA,NA,NA,,,1,,,,,,,
"Woken et al,. 2018, Nigerian Journal of Parisitology",2017,Nigeria,NGA,25,29,22,69,NA,NA,NA,,,1,,,,,,,
"Woken et al,. 2018, Nigerian Journal of Parisitology",2018,Nigeria,NGA,30,34,18,75,NA,NA,NA,,,1,,,,,,,
"Woken et al,. 2018, Nigerian Journal of Parisitology",2019,Nigeria,NGA,35,40,9,41,NA,NA,NA,,,1,,,,,,,
"Woken et al,. 2018, Nigerian Journal of Parisitology",2020,Nigeria,NGA,41,NA,2,7,NA,NA,NA,,,1,,,,,,,
"Gyang et al., 2015, Revista da Sociedade Brasileira de Medicina Tropica",2013-2014,Nigeria,NGA,NA,10,20,90,6.48,3.203333,NA,Lagos City,,0,https://www.scielo.br/j/rsbmt/a/b9Z4LJTkDDDR3CgGfKK8qYv/?lang=en,Study done on primary school children,Added by IN,,,,
"Gyang et al., 2015, Revista da Sociedade Brasileira de Medicina Tropica",2013-2014,Nigeria,NGA,10,12,52,226,6.48,3.203333,NA,Lagos City,,0,,,,,,,
"Gyang et al., 2015, Revista da Sociedade Brasileira de Medicina Tropica",2013-2014,Nigeria,NGA,12,NA,19,67,6.48,3.203333,NA,Lagos City,,0,,,,,,,
"Blackburn et al., 2024, The American journal of tropical medicine and hygiene",2018,Nigeria,NGA,15,24,3831,"17,428",NA,NA,,EXCLuDE,All over country-- Exclude,1,https://www.ajtmh.org/view/journals/tpmd/111/5/article-p1005.xml,,Added by IN,,,,
"Blackburn et al., 2024, The American journal of tropical medicine and hygiene",2018,Nigeria,NGA,25,44,8317,"26,841",NA,NA,,EXCLuDE,,1,,,,,,,
"David et al, 2023, Microbes and Infectious Diseases",2023,Nigeria,NGA,15,25,14,65,10.2791,11.1731,,Gombe Town,,1,https://mid.journals.ekb.eg/article_254056_7b8d0eec16b2c7e0905aa6e82a53dfad.pdf,using publication year,added by IN,,,,
"David et al, 2023, Microbes and Infectious Diseases",2023,Nigeria,NGA,26,35,13,39,10.2791,11.1731,,Gombe Town,,1,,,,,,,
"David et al, 2023, Microbes and Infectious Diseases",2023,Nigeria,NGA,36,NA,12,78,10.2791,11.1731,,Gombe Town,,1,,,,,,,
"Kamani et al., 2009, Annals of Tropical Medicine & Parasitology",2008,Nigeria,NGA,10,20,1,13,11.8311,13.151,,Maiduguri,,0,https://www.tandfonline.com/doi/epdf/10.1179/136485909X435094?needAccess=true,,added by IN,,,,
"Kamani et al., 2009, Annals of Tropical Medicine & Parasitology",2008,Nigeria,NGA,21,30,10,57,11.8311,13.151,,Maiduguri,,0,,,,,,,
"Kamani et al., 2009, Annals of Tropical Medicine & Parasitology",2008,Nigeria,NGA,31,40,9,32,11.8311,13.151,,Maiduguri,,0,,,,,,,
"Kamani et al., 2009, Annals of Tropical Medicine & Parasitology",2008,Nigeria,NGA,41,50,13,36,11.8311,13.151,,Maiduguri,,0,,,,,,,
"Kamani et al., 2009, Annals of Tropical Medicine & Parasitology",2008,Nigeria,NGA,51,60,7,19,11.8311,13.151,,Maiduguri,,0,,,,,,,
"Kamani et al., 2009, Annals of Tropical Medicine & Parasitology",2008,Nigeria,NGA,61,70,2,13,11.8311,13.151,,Maiduguri,,0,,,,,,,
"Kamani et al., 2009, Annals of Tropical Medicine & Parasitology",2008,Nigeria,NGA,71,NA,1,10,11.8311,13.151,,Maiduguri,,0,,,,,,,
"Sowemimo et al., 2018, Trans R Soc Trop Med Hyg",2016,Nigeria,NGA,0,5,19,272,7.5406,4.458163,,Edunabon,,0,requested from PUL-- I have PDF if needed,,added by IN,,,,
"Uneke et al., 2007,  African journal of medicine and medical sciences",2007,Nigeria,NGA,6,10,5,21,9.81319,8.655743,,Kwal,,0,requested from PUL-- I have PDF if needed,using publicaiton year,Added by IN,,,,
"Uneke et al., 2007,  African journal of medicine and medical sciences",2007,Nigeria,NGA,11,20,11,41,9.81319,8.655743,,Kwal,,0,,,,,,,
"Uneke et al., 2007,  African journal of medicine and medical sciences",2007,Nigeria,NGA,21,30,6,18,9.81319,8.655743,,Kwal,,0,,,,,,,
"Uneke et al., 2007,  African journal of medicine and medical sciences",2007,Nigeria,NGA,31,40,2,27,9.81319,8.655743,,Kwal,,0,,,,,,,
"Uneke et al., 2007,  African journal of medicine and medical sciences",2007,Nigeria,NGA,41,50,3,17,9.81319,8.655743,,Kwal,,0,,,,,,,
"Uneke et al., 2007,  African journal of medicine and medical sciences",2007,Nigeria,NGA,51,60,3,10,9.81319,8.655743,,Kwal,,0,,,,,,,
"Murebwayire E et al., 2017, Tanzania Journal of Health Research",2014,Rwanda,RWA,18,25,18,156,-1.9441,30.0619,19.25,Kigali,,1,,,,,,,
"Murebwayire E et al., 2017, Tanzania Journal of Health Research",2014,Rwanda,RWA,26,35,23,193,-1.9441,30.0619,19.25,Kigali,,1,,,,,,,
"Murebwayire E et al., 2017, Tanzania Journal of Health Research",2014,Rwanda,RWA,36,45,6,35,-1.9441,30.0619,19.25,Kigali,,1,,,,,,,
"Gascon et al., 1989, Rev. Inst. Med. trop. São Paulo",1989,Rwanda,RWA,1,6,2,61,-1.646659,29.782819,,,Nyarutovu,0,https://www.scielo.br/j/rimtsp/a/MTGwvTF7bzmmSQJ5wzPX9DC/?lang=es,using publicaiton year,added by IN,,,,
"Gascon et al., 1989, Rev. Inst. Med. trop. São Paulo",1989,Rwanda,RWA,7,14,19,61,-1.646659,29.782819,,,Nyarutovu,0,,,,,,,
"Gascon et al., 1989, Rev. Inst. Med. trop. São Paulo",1989,Rwanda,RWA,15,NA,32,64,-1.646659,29.782819,,,Nyarutovu,0,,,,,,,
"Gascon et al., 1989, Rev. Inst. Med. trop. São Paulo",1989,Rwanda,RWA,1,6,2,75,-2.304093,30.049603,,,Ngenda,0,,,,,,,
"Gascon et al., 1989, Rev. Inst. Med. trop. São Paulo",1989,Rwanda,RWA,7,14,9,75,-2.304093,30.049603,,,Ngenda,0,,,,,,,
"Gascon et al., 1989, Rev. Inst. Med. trop. São Paulo",1989,Rwanda,RWA,15,NA,38,75,-2.304093,30.049603,,,Ngenda,0,,,,,,,
"Hassan SA et al., 2023, Acta Tropica",2021,Somalia,SOM,16,25,88,202,2.0371,45.318161,27,Mogadishu,,1,,,,,,,
"Hassan SA et al., 2023, Acta Tropica",2021,Somalia,SOM,26,35,85,180,2.0371,45.318161,27,Mogadishu,,1,,,,,,,
"Hassan SA et al., 2023, Acta Tropica",2021,Somalia,SOM,35,45,9,21,2.0371,45.318161,27,Mogadishu,,1,,,,,,,
"Ahmed et al., 1988, Transactions of the Royal Society of Tropical Medicine and Hygiene",1987,Somalia,SOM,0,5,0,3,1.657964,44.579894,,Golweyn,,0,,using year reviewed,added by IN,,,,
"Ahmed et al., 1988, Transactions of the Royal Society of Tropical Medicine and Hygiene",1987,Somalia,SOM,6,10,35,79,1.657964,44.579894,,Golweyn,,0,,,,,,,
"Ahmed et al., 1988, Transactions of the Royal Society of Tropical Medicine and Hygiene",1987,Somalia,SOM,11,20,93,155,1.657964,44.579894,,Golweyn,,0,,,,,,,
"Ahmed et al., 1988, Transactions of the Royal Society of Tropical Medicine and Hygiene",1987,Somalia,SOM,21,40,25,48,1.657964,44.579894,,Golweyn,,0,,,,,,,
"Ahmed et al., 1988, Transactions of the Royal Society of Tropical Medicine and Hygiene",1987,Somalia,SOM,41,NA,28,50,1.657964,44.579894,,Golweyn,,0,,,,,,,
"Ahmed et al., 1988, Transactions of the Royal Society of Tropical Medicine and Hygiene",1987,Somalia,SOM,0,5,5,54,2.048563,45.320049,,Mogadishu,,0,,,,,,,
"Ahmed et al., 1988, Transactions of the Royal Society of Tropical Medicine and Hygiene",1987,Somalia,SOM,6,10,15,49,2.048563,45.320049,,Mogadishu,,0,,,,,,,
"Ahmed et al., 1988, Transactions of the Royal Society of Tropical Medicine and Hygiene",1987,Somalia,SOM,11,20,19,62,2.048563,45.320049,,Mogadishu,,0,,,,,,,
"Ahmed et al., 1988, Transactions of the Royal Society of Tropical Medicine and Hygiene",1987,Somalia,SOM,21,40,44,116,2.048563,45.320049,,Mogadishu,,0,,,,,,,
"Ahmed et al., 1988, Transactions of the Royal Society of Tropical Medicine and Hygiene",1987,Somalia,SOM,41,NA,21,53,2.048563,45.320049,,Mogadishu,,0,,,,,,,
"Abdel-Raouff M et al., 2014",2013,Sudan,SDN,NA,20,29,NA,15.5974,32.5356,24,Khartoum,,1,,,,,,,
"Abdel-Raouff M et al., 2014",2013,Sudan,SDN,21,29,44,NA,15.5974,32.5356,24,Khartoum,,1,,,,,,,
"Abdel-Raouff M et al., 2014",2013,Sudan,SDN,30,39,33,NA,15.5974,32.5356,24,Khartoum,,1,,,,,,,
"Abdel-Raouff M et al., 2014",2013,Sudan,SDN,40,49,24,NA,15.5974,32.5356,24,Khartoum,,1,,,,,,,
"Mohammed WM et al., 2018",2015 - 2017,Sudan,SDN,15,20,NA,10,15.6476,32.4807,28.333,Omdurman,,1,,,,,,,
"Mohammed WM et al., 2018",2015 - 2017,Sudan,SDN,21,30,NA,37,15.6476,32.4807,28.333,Omdurman,,1,,,,,,,
"Mohammed WM et al., 2018",2015 - 2017,Sudan,SDN,31,40,NA,20,15.6476,32.4807,28.333,Omdurman,,1,,,,,,,
"Mohammed WM et al., 2018",2015 - 2017,Sudan,SDN,41,45,NA,1,15.6476,32.4807,28.333,Omdurman,,1,,,,,,,
"Satti A.B et al., 2011, Sudan Medical Laboratory Journal ",2006 - 2007,Sudan,SDN,15,24,9,43,15.6476,32.4807,28.25,Omdurman,,1,,,,,,,
"Satti A.B et al., 2011, Sudan Medical Laboratory Journal ",2006 - 2007,Sudan,SDN,25,34,41,168,15.6476,32.4807,28.25,Omdurman,,1,,,,,,,
"Satti A.B et al., 2011, Sudan Medical Laboratory Journal ",2006 - 2007,Sudan,SDN,35,39,2,13,15.6476,32.4807,28.25,Omdurman,,1,,,,,,,
"Satti A.B et al., 2011, Sudan Medical Laboratory Journal ",2006 - 2007,Sudan,SDN,40,49,1,10,15.6476,32.4807,28.25,Omdurman,,1,,,,,,,
"Abdel-Hameed, 1991, Journal of Tropical Medicine and Journal of ropical medicine and hygiene",1991,Sudan,SDN,0,9,1,25,14.4275,33.2588,,,Gezira ,0,,,,,,,
"Abdel-Hameed, 1991, Journal of Tropical Medicine and Journal of ropical medicine and hygiene",1991,Sudan,SDN,10,19,22,76,14.4275,33.2588,,,Gezira ,0,,,,,,,
"Abdel-Hameed, 1991, Journal of Tropical Medicine and Journal of ropical medicine and hygiene",1991,Sudan,SDN,20,29,33,69,14.4275,33.2588,,,Gezira ,0,,,,,,,
"Abdel-Hameed, 1991, Journal of Tropical Medicine and Journal of ropical medicine and hygiene",1991,Sudan,SDN,30,39,7,16,14.4275,33.2588,,,Gezira ,0,,,,,,,
"Abdel-Hameed, 1991, Journal of Tropical Medicine and Journal of ropical medicine and hygiene",1991,Sudan,SDN,40,49,6,9,14.4275,33.2588,,,Gezira ,0,,,,,,,
"Abdel-Hameed, 1991, Journal of Tropical Medicine and Journal of ropical medicine and hygiene",1991,Sudan,SDN,50,NA,14,17,14.4275,33.2588,,,Gezira ,0,,,,,,,
"Lushina M et al., 2022, East African Health Research Journal",2020,Tanzania,TZA,NA,27,45,211,-6.9276,39.1336,25.5,Dar es Salaam,,1,,I could not find this paper-- In,,,,,
"Lushina M et al., 2022, East African Health Research Journal",2020,Tanzania,TZA,28,33,37,119,-6.9276,39.1336,25.5,Dar es Salaam,,1,,,,,,,
"Lushina M et al., 2022, East African Health Research Journal",2020,Tanzania,TZA,34,39,20,44,-6.9276,39.1336,25.5,Dar es Salaam,,1,,,,,,,
"Lushina M et al., 2022, East African Health Research Journal",2020,Tanzania,TZA,40,45,2,9,-6.9276,39.1336,25.5,Dar es Salaam,,1,,,,,,,
"Paul et al., 2018, Tropical medicine and health",2017,Tanzania,TZA,18,25,20,43,-3.343,37.3507,22.25,Moshi,,1,,,,,,,
"Paul et al., 2018, Tropical medicine and health",2017,Tanzania,TZA,26,35,72,171,-3.343,37.3507,22.25,Moshi,,1,,,,,,,
"Paul et al., 2018, Tropical medicine and health",2017,Tanzania,TZA,36,NA,21,40,-3.343,37.3507,22.25,Moshi,,1,,,,,,,
"Saajan AM et al., 2017, The East African Health Research Journal ",2013 - 2014,Tanzania,TZA,18,20,2,15,-3.343,37.3507,22.25,Moshi,,1,,,,,,,
"Saajan AM et al., 2017, The East African Health Research Journal ",2013 - 2014,Tanzania,TZA,21,35,121,295,-3.343,37.3507,22.25,Moshi,,1,,,,,,,
"Saajan AM et al., 2017, The East African Health Research Journal ",2013 - 2014,Tanzania,TZA,36,NA,18,37,-3.343,37.3507,22.25,Moshi,,1,,,,,,,
"Elichilia R Shao et al., 2015",2014,Tanzania,TZA,NA,29,34,65,-3.343,37.3507,19,Moshi,,1,,,,,,,
"Elichilia R Shao et al., 2015",2014,Tanzania,TZA,30,NA,26,79,-3.343,37.3507,19,Moshi,,1,,,,,,,
"Mirambo MM et al., 2019, African Health Sciences",2015,Tanzania,TZA,18,NA,92,300,-2.5164,32.9175,NA,Mwanza,,1,,mothers n=300 seropositive 92 (30.7%),,,all women were 18 and up,,had been labled all NA-- IN
"Mwambe et al., 2013, Parasites & vectors",2012 - 2013,Tanzania,TZA,15,24,38,174,-2.5164,32.9175,28.5,Mwanza,,1,https://parasitesandvectors.biomedcentral.com/articles/10.1186/1756-3305-6-222,,,,,,
"Mwambe et al., 2013, Parasites & vectors",2012 - 2013,Tanzania,TZA,25,34,61,152,-2.5164,32.9175,28.5,Mwanza,,1,,,,,,,
"Mwambe et al., 2013, Parasites & vectors",2012 - 2013,Tanzania,TZA,35,44,10,24,-2.5164,32.9175,28.5,Mwanza,,1,,,,,,,
"Swai et al., 2009, Tanzana Journal of Health Research",2005,Tanzania,TZA,14,20,6,10,-6.233333,38.433333,,Mandera,Tanga District,0,https://www.ajol.info/index.php/thrb/article/view/50178/36501,town estimated by coordinates given,Added by IN,,,,
"Swai et al., 2009, Tanzana Journal of Health Research",2005,Tanzania,TZA,21,30,25,49,-6.233333,38.433333,,Mandera,Tanga District,0,,,,,,,
"Swai et al., 2009, Tanzana Journal of Health Research",2005,Tanzania,TZA,31,40,26,67,-6.233333,38.433333,,Mandera,Tanga District,0,,,,,,,
"Swai et al., 2009, Tanzana Journal of Health Research",2005,Tanzania,TZA,41,50,20,46,-6.233333,38.433333,,Mandera,Tanga District,0,,,,,,,
"Swai et al., 2009, Tanzana Journal of Health Research",2005,Tanzania,TZA,51,60,5,14,-6.233333,38.433333,,Mandera,Tanga District,0,,,,,,,
"Swai et al., 2009, Tanzana Journal of Health Research",2005,Tanzania,TZA,61,84,8,13,-6.233333,38.433333,,Mandera,Tanga District,0,,,,,,,
"BOURATBINE et al., 2001, Parasite",2001,Tunisia,TUN,1,10,32,145,36.542304,9.66443,,Goubellat,,0,https://www.parasite-journal.org/articles/parasite/pdf/2001/01/parasite2001081p61.pdf,using publicaiton year,Added by IN,,,,
"BOURATBINE et al., 2001, Parasite",2001,Tunisia,TUN,10,20,100,223,36.542304,9.66443,,Goubellat,,0,,,,,,,
"BOURATBINE et al., 2001, Parasite",2001,Tunisia,TUN,20,30,108,172,36.542304,9.66443,,Goubellat,,0,,,,,,,
"BOURATBINE et al., 2001, Parasite",2001,Tunisia,TUN,30,NA,213,317,36.542304,9.66443,,Goubellat,,0,,,,,,,
"BOURATBINE et al., 2001, Parasite",2001,Tunisia,TUN,1,10,22,75,36.648284,9.614547,,Medjez el bab,,0,,,,,,,
"BOURATBINE et al., 2001, Parasite",2001,Tunisia,TUN,10,20,73,109,36.648284,9.614547,,Medjez el bab,,0,,,,,,,
"BOURATBINE et al., 2001, Parasite",2001,Tunisia,TUN,20,30,70,104,36.648284,9.614547,,Medjez el bab,,0,,,,,,,
"BOURATBINE et al., 2001, Parasite",2001,Tunisia,TUN,30,NA,213,276,36.648284,9.614547,,Medjez el bab,,0,,,,,,,
"Frimpong et al., 2017, BMC infectious diseases",2015,Zambia,ZMB,15,24,9,77,-15.4155,28.2773,21.05,Lusaka,,1,,,,,,,
"Frimpong et al., 2017, BMC infectious diseases",2015,Zambia,ZMB,25,34,10,245,-15.4155,28.2773,21.05,Lusaka,,1,,,,,,,
"Frimpong et al., 2017, BMC infectious diseases",2015,Zambia,ZMB,35,49,5,89,-15.4155,28.2773,21.05,Lusaka,,1,,,,,,,